Week,Week_Start_Date,Learner_ID,Cohort,Track,Name,Lab_Score,Quiz_Score,Assessment_Average,Lab_Submitted,Quiz_Submitted,Any_Submission
1,2025-10-13,AWS_C1_001,Cohort 1,AWS Cloud,Dorothy Choi,87.3,77.2,82.25,True,True,True
1,2025-10-13,AWS_C1_002,Cohort 1,AWS Cloud,Emily Nguyen,,66.2,66.2,False,True,True
1,2025-10-13,AWS_C1_003,Cohort 1,AWS Cloud,Charles Liu,38.8,52.0,45.4,True,True,True
1,2025-10-13,AWS_C1_004,Cohort 1,AWS Cloud,Elizabeth Wang,78.8,75.6,77.2,True,True,True
1,2025-10-13,AWS_C1_005,Cohort 1,AWS Cloud,Ming Martinez,94.7,89.7,92.2,True,True,True
1,2025-10-13,AWS_C1_006,Cohort 1,AWS Cloud,Nadia Ahmed,89.2,52.4,70.8,True,True,True
1,2025-10-13,AWS_C1_007,Cohort 1,AWS Cloud,Sofia Morris,,51.8,51.8,False,True,True
1,2025-10-13,AWS_C1_008,Cohort 1,AWS Cloud,Zainab Liu,75.3,76.9,76.1,True,True,True
1,2025-10-13,AWS_C1_009,Cohort 1,AWS Cloud,Babatunde Chen,43.8,75.5,59.65,True,True,True
1,2025-10-13,AWS_C1_010,Cohort 1,AWS Cloud,Kwame Verma,74.6,,74.6,True,False,True
1,2025-10-13,AWS_C1_011,Cohort 1,AWS Cloud,Nadia Park,38.3,28.5,33.4,True,True,True
1,2025-10-13,AWS_C1_012,Cohort 1,AWS Cloud,Ronald Gonzalez,74.8,61.0,67.9,True,True,True
1,2025-10-13,AWS_C1_013,Cohort 1,AWS Cloud,Amy Johnson,88.0,87.5,87.75,True,True,True
1,2025-10-13,AWS_C1_014,Cohort 1,AWS Cloud,Jennifer King,47.7,,47.7,True,False,True
1,2025-10-13,AWS_C1_015,Cohort 1,AWS Cloud,Elizabeth Miller,60.9,,60.9,True,False,True
1,2025-10-13,AWS_C1_016,Cohort 1,AWS Cloud,Amy Green,100.0,96.0,98.0,True,True,True
1,2025-10-13,AWS_C1_017,Cohort 1,AWS Cloud,Emily Hall,79.8,,79.8,True,False,True
1,2025-10-13,AWS_C1_018,Cohort 1,AWS Cloud,Kenneth Chen,68.9,83.2,76.05,True,True,True
1,2025-10-13,AWS_C1_019,Cohort 1,AWS Cloud,Timothy Nwosu,,65.0,65.0,False,True,True
1,2025-10-13,AWS_C1_020,Cohort 1,AWS Cloud,Angela Robinson,89.4,76.7,83.05,True,True,True
2,2025-10-20,AWS_C1_001,Cohort 1,AWS Cloud,Dorothy Choi,90.6,92.2,91.4,True,True,True
2,2025-10-20,AWS_C1_002,Cohort 1,AWS Cloud,Emily Nguyen,25.0,34.3,29.65,True,True,True
2,2025-10-20,AWS_C1_003,Cohort 1,AWS Cloud,Charles Liu,40.8,,40.8,True,False,True
2,2025-10-20,AWS_C1_004,Cohort 1,AWS Cloud,Elizabeth Wang,82.8,69.1,75.95,True,True,True
2,2025-10-20,AWS_C1_005,Cohort 1,AWS Cloud,Ming Martinez,97.3,100.0,98.65,True,True,True
2,2025-10-20,AWS_C1_006,Cohort 1,AWS Cloud,Nadia Ahmed,66.2,48.6,57.4,True,True,True
2,2025-10-20,AWS_C1_007,Cohort 1,AWS Cloud,Sofia Morris,52.8,,52.8,True,False,True
2,2025-10-20,AWS_C1_008,Cohort 1,AWS Cloud,Zainab Liu,76.9,60.9,68.9,True,True,True
2,2025-10-20,AWS_C1_009,Cohort 1,AWS Cloud,Babatunde Chen,43.8,,43.8,True,False,True
2,2025-10-20,AWS_C1_010,Cohort 1,AWS Cloud,Kwame Verma,,84.3,84.3,False,True,True
2,2025-10-20,AWS_C1_011,Cohort 1,AWS Cloud,Nadia Park,69.6,45.8,57.7,True,True,True
2,2025-10-20,AWS_C1_012,Cohort 1,AWS Cloud,Ronald Gonzalez,,,,False,False,False
2,2025-10-20,AWS_C1_013,Cohort 1,AWS Cloud,Amy Johnson,99.6,95.4,97.5,True,True,True
2,2025-10-20,AWS_C1_014,Cohort 1,AWS Cloud,Jennifer King,47.6,30.6,39.1,True,True,True
2,2025-10-20,AWS_C1_015,Cohort 1,AWS Cloud,Elizabeth Miller,58.4,,58.4,True,False,True
2,2025-10-20,AWS_C1_016,Cohort 1,AWS Cloud,Amy Green,100.0,84.5,92.25,True,True,True
2,2025-10-20,AWS_C1_017,Cohort 1,AWS Cloud,Emily Hall,83.7,,83.7,True,False,True
2,2025-10-20,AWS_C1_018,Cohort 1,AWS Cloud,Kenneth Chen,81.3,70.7,76.0,True,True,True
2,2025-10-20,AWS_C1_019,Cohort 1,AWS Cloud,Timothy Nwosu,,79.2,79.2,False,True,True
2,2025-10-20,AWS_C1_020,Cohort 1,AWS Cloud,Angela Robinson,87.5,71.7,79.6,True,True,True
3,2025-10-27,AWS_C1_001,Cohort 1,AWS Cloud,Dorothy Choi,86.7,81.9,84.3,True,True,True
3,2025-10-27,AWS_C1_002,Cohort 1,AWS Cloud,Emily Nguyen,,,,False,False,False
3,2025-10-27,AWS_C1_003,Cohort 1,AWS Cloud,Charles Liu,42.6,58.7,50.65,True,True,True
3,2025-10-27,AWS_C1_004,Cohort 1,AWS Cloud,Elizabeth Wang,79.4,83.5,81.45,True,True,True
3,2025-10-27,AWS_C1_005,Cohort 1,AWS Cloud,Ming Martinez,100.0,91.4,95.7,True,True,True
3,2025-10-27,AWS_C1_006,Cohort 1,AWS Cloud,Nadia Ahmed,63.6,83.6,73.6,True,True,True
3,2025-10-27,AWS_C1_007,Cohort 1,AWS Cloud,Sofia Morris,50.9,51.2,51.05,True,True,True
3,2025-10-27,AWS_C1_008,Cohort 1,AWS Cloud,Zainab Liu,82.0,,82.0,True,False,True
3,2025-10-27,AWS_C1_009,Cohort 1,AWS Cloud,Babatunde Chen,25.3,26.1,25.7,True,True,True
3,2025-10-27,AWS_C1_010,Cohort 1,AWS Cloud,Kwame Verma,78.5,48.9,63.7,True,True,True
3,2025-10-27,AWS_C1_011,Cohort 1,AWS Cloud,Nadia Park,60.6,,60.6,True,False,True
3,2025-10-27,AWS_C1_012,Cohort 1,AWS Cloud,Ronald Gonzalez,64.3,57.3,60.8,True,True,True
3,2025-10-27,AWS_C1_013,Cohort 1,AWS Cloud,Amy Johnson,92.4,,92.4,True,False,True
3,2025-10-27,AWS_C1_014,Cohort 1,AWS Cloud,Jennifer King,52.3,60.3,56.3,True,True,True
3,2025-10-27,AWS_C1_015,Cohort 1,AWS Cloud,Elizabeth Miller,,,,False,False,False
3,2025-10-27,AWS_C1_016,Cohort 1,AWS Cloud,Amy Green,94.7,,94.7,True,False,True
3,2025-10-27,AWS_C1_017,Cohort 1,AWS Cloud,Emily Hall,78.4,89.3,83.85,True,True,True
3,2025-10-27,AWS_C1_018,Cohort 1,AWS Cloud,Kenneth Chen,78.2,66.2,72.2,True,True,True
3,2025-10-27,AWS_C1_019,Cohort 1,AWS Cloud,Timothy Nwosu,83.1,54.1,68.6,True,True,True
3,2025-10-27,AWS_C1_020,Cohort 1,AWS Cloud,Angela Robinson,75.1,68.5,71.8,True,True,True
4,2025-11-03,AWS_C1_001,Cohort 1,AWS Cloud,Dorothy Choi,81.3,89.1,85.2,True,True,True
4,2025-11-03,AWS_C1_002,Cohort 1,AWS Cloud,Emily Nguyen,52.5,22.6,37.55,True,True,True
4,2025-11-03,AWS_C1_003,Cohort 1,AWS Cloud,Charles Liu,,42.6,42.6,False,True,True
4,2025-11-03,AWS_C1_004,Cohort 1,AWS Cloud,Elizabeth Wang,82.2,79.9,81.05,True,True,True
4,2025-11-03,AWS_C1_005,Cohort 1,AWS Cloud,Ming Martinez,90.0,98.7,94.35,True,True,True
4,2025-11-03,AWS_C1_006,Cohort 1,AWS Cloud,Nadia Ahmed,,58.7,58.7,False,True,True
4,2025-11-03,AWS_C1_007,Cohort 1,AWS Cloud,Sofia Morris,,59.5,59.5,False,True,True
4,2025-11-03,AWS_C1_008,Cohort 1,AWS Cloud,Zainab Liu,72.5,76.8,74.65,True,True,True
4,2025-11-03,AWS_C1_009,Cohort 1,AWS Cloud,Babatunde Chen,50.3,34.0,42.15,True,True,True
4,2025-11-03,AWS_C1_010,Cohort 1,AWS Cloud,Kwame Verma,71.5,78.6,75.05,True,True,True
4,2025-11-03,AWS_C1_011,Cohort 1,AWS Cloud,Nadia Park,48.1,,48.1,True,False,True
4,2025-11-03,AWS_C1_012,Cohort 1,AWS Cloud,Ronald Gonzalez,84.3,69.3,76.8,True,True,True
4,2025-11-03,AWS_C1_013,Cohort 1,AWS Cloud,Amy Johnson,100.0,80.8,90.4,True,True,True
4,2025-11-03,AWS_C1_014,Cohort 1,AWS Cloud,Jennifer King,,,,False,False,False
4,2025-11-03,AWS_C1_015,Cohort 1,AWS Cloud,Elizabeth Miller,50.3,,50.3,True,False,True
4,2025-11-03,AWS_C1_016,Cohort 1,AWS Cloud,Amy Green,86.2,92.4,89.3,True,True,True
4,2025-11-03,AWS_C1_017,Cohort 1,AWS Cloud,Emily Hall,,50.8,50.8,False,True,True
4,2025-11-03,AWS_C1_018,Cohort 1,AWS Cloud,Kenneth Chen,83.6,79.1,81.35,True,True,True
4,2025-11-03,AWS_C1_019,Cohort 1,AWS Cloud,Timothy Nwosu,76.2,67.7,71.95,True,True,True
4,2025-11-03,AWS_C1_020,Cohort 1,AWS Cloud,Angela Robinson,78.5,80.3,79.4,True,True,True
5,2025-11-10,AWS_C1_001,Cohort 1,AWS Cloud,Dorothy Choi,86.6,83.7,85.15,True,True,True
5,2025-11-10,AWS_C1_002,Cohort 1,AWS Cloud,Emily Nguyen,58.6,54.3,56.45,True,True,True
5,2025-11-10,AWS_C1_003,Cohort 1,AWS Cloud,Charles Liu,68.7,,68.7,True,False,True
5,2025-11-10,AWS_C1_004,Cohort 1,AWS Cloud,Elizabeth Wang,84.8,74.9,79.85,True,True,True
5,2025-11-10,AWS_C1_005,Cohort 1,AWS Cloud,Ming Martinez,98.3,96.1,97.2,True,True,True
5,2025-11-10,AWS_C1_006,Cohort 1,AWS Cloud,Nadia Ahmed,39.7,55.9,47.8,True,True,True
5,2025-11-10,AWS_C1_007,Cohort 1,AWS Cloud,Sofia Morris,42.3,57.7,50.0,True,True,True
5,2025-11-10,AWS_C1_008,Cohort 1,AWS Cloud,Zainab Liu,70.0,,70.0,True,False,True
5,2025-11-10,AWS_C1_009,Cohort 1,AWS Cloud,Babatunde Chen,55.8,71.3,63.55,True,True,True
5,2025-11-10,AWS_C1_010,Cohort 1,AWS Cloud,Kwame Verma,66.1,,66.1,True,False,True
5,2025-11-10,AWS_C1_011,Cohort 1,AWS Cloud,Nadia Park,,,,False,False,False
5,2025-11-10,AWS_C1_012,Cohort 1,AWS Cloud,Ronald Gonzalez,,,,False,False,False
5,2025-11-10,AWS_C1_013,Cohort 1,AWS Cloud,Amy Johnson,,,,False,False,False
5,2025-11-10,AWS_C1_014,Cohort 1,AWS Cloud,Jennifer King,,,,False,False,False
5,2025-11-10,AWS_C1_015,Cohort 1,AWS Cloud,Elizabeth Miller,65.2,88.8,77.0,True,True,True
5,2025-11-10,AWS_C1_016,Cohort 1,AWS Cloud,Amy Green,94.1,100.0,97.05,True,True,True
5,2025-11-10,AWS_C1_017,Cohort 1,AWS Cloud,Emily Hall,87.5,68.8,78.15,True,True,True
5,2025-11-10,AWS_C1_018,Cohort 1,AWS Cloud,Kenneth Chen,,82.1,82.1,False,True,True
5,2025-11-10,AWS_C1_019,Cohort 1,AWS Cloud,Timothy Nwosu,77.9,74.9,76.4,True,True,True
5,2025-11-10,AWS_C1_020,Cohort 1,AWS Cloud,Angela Robinson,85.0,74.6,79.8,True,True,True
6,2025-11-17,AWS_C1_001,Cohort 1,AWS Cloud,Dorothy Choi,92.3,91.7,92.0,True,True,True
6,2025-11-17,AWS_C1_002,Cohort 1,AWS Cloud,Emily Nguyen,,,,False,False,False
6,2025-11-17,AWS_C1_003,Cohort 1,AWS Cloud,Charles Liu,68.7,29.8,49.25,True,True,True
6,2025-11-17,AWS_C1_004,Cohort 1,AWS Cloud,Elizabeth Wang,82.1,76.5,79.3,True,True,True
6,2025-11-17,AWS_C1_005,Cohort 1,AWS Cloud,Ming Martinez,94.4,100.0,97.2,True,True,True
6,2025-11-17,AWS_C1_006,Cohort 1,AWS Cloud,Nadia Ahmed,,,,False,False,False
6,2025-11-17,AWS_C1_007,Cohort 1,AWS Cloud,Sofia Morris,59.0,,59.0,True,False,True
6,2025-11-17,AWS_C1_008,Cohort 1,AWS Cloud,Zainab Liu,89.6,78.2,83.9,True,True,True
6,2025-11-17,AWS_C1_009,Cohort 1,AWS Cloud,Babatunde Chen,57.5,39.7,48.6,True,True,True
6,2025-11-17,AWS_C1_010,Cohort 1,AWS Cloud,Kwame Verma,,79.2,79.2,False,True,True
6,2025-11-17,AWS_C1_011,Cohort 1,AWS Cloud,Nadia Park,,,,False,False,False
6,2025-11-17,AWS_C1_012,Cohort 1,AWS Cloud,Ronald Gonzalez,67.8,57.0,62.4,True,True,True
6,2025-11-17,AWS_C1_013,Cohort 1,AWS Cloud,Amy Johnson,,87.5,87.5,False,True,True
6,2025-11-17,AWS_C1_014,Cohort 1,AWS Cloud,Jennifer King,,,,False,False,False
6,2025-11-17,AWS_C1_015,Cohort 1,AWS Cloud,Elizabeth Miller,75.5,77.9,76.7,True,True,True
6,2025-11-17,AWS_C1_016,Cohort 1,AWS Cloud,Amy Green,98.2,99.3,98.75,True,True,True
6,2025-11-17,AWS_C1_017,Cohort 1,AWS Cloud,Emily Hall,77.7,78.6,78.15,True,True,True
6,2025-11-17,AWS_C1_018,Cohort 1,AWS Cloud,Kenneth Chen,,,,False,False,False
6,2025-11-17,AWS_C1_019,Cohort 1,AWS Cloud,Timothy Nwosu,76.4,73.1,74.75,True,True,True
6,2025-11-17,AWS_C1_020,Cohort 1,AWS Cloud,Angela Robinson,86.2,82.2,84.2,True,True,True
7,2025-11-24,AWS_C1_001,Cohort 1,AWS Cloud,Dorothy Choi,92.9,77.9,85.4,True,True,True
7,2025-11-24,AWS_C1_002,Cohort 1,AWS Cloud,Emily Nguyen,,,,False,False,False
7,2025-11-24,AWS_C1_003,Cohort 1,AWS Cloud,Charles Liu,52.9,,52.9,True,False,True
7,2025-11-24,AWS_C1_004,Cohort 1,AWS Cloud,Elizabeth Wang,83.2,85.9,84.55,True,True,True
7,2025-11-24,AWS_C1_005,Cohort 1,AWS Cloud,Ming Martinez,83.3,87.5,85.4,True,True,True
7,2025-11-24,AWS_C1_006,Cohort 1,AWS Cloud,Nadia Ahmed,,,,False,False,False
7,2025-11-24,AWS_C1_007,Cohort 1,AWS Cloud,Sofia Morris,,,,False,False,False
7,2025-11-24,AWS_C1_008,Cohort 1,AWS Cloud,Zainab Liu,79.2,64.0,71.6,True,True,True
7,2025-11-24,AWS_C1_009,Cohort 1,AWS Cloud,Babatunde Chen,,,,False,False,False
7,2025-11-24,AWS_C1_010,Cohort 1,AWS Cloud,Kwame Verma,62.0,65.0,63.5,True,True,True
7,2025-11-24,AWS_C1_011,Cohort 1,AWS Cloud,Nadia Park,,,,False,False,False
7,2025-11-24,AWS_C1_012,Cohort 1,AWS Cloud,Ronald Gonzalez,70.5,77.5,74.0,True,True,True
7,2025-11-24,AWS_C1_013,Cohort 1,AWS Cloud,Amy Johnson,89.7,89.4,89.55,True,True,True
7,2025-11-24,AWS_C1_014,Cohort 1,AWS Cloud,Jennifer King,,,,False,False,False
7,2025-11-24,AWS_C1_015,Cohort 1,AWS Cloud,Elizabeth Miller,69.7,53.2,61.45,True,True,True
7,2025-11-24,AWS_C1_016,Cohort 1,AWS Cloud,Amy Green,96.4,90.2,93.3,True,True,True
7,2025-11-24,AWS_C1_017,Cohort 1,AWS Cloud,Emily Hall,94.7,72.7,83.7,True,True,True
7,2025-11-24,AWS_C1_018,Cohort 1,AWS Cloud,Kenneth Chen,84.0,81.4,82.7,True,True,True
7,2025-11-24,AWS_C1_019,Cohort 1,AWS Cloud,Timothy Nwosu,77.7,63.3,70.5,True,True,True
7,2025-11-24,AWS_C1_020,Cohort 1,AWS Cloud,Angela Robinson,80.5,84.1,82.3,True,True,True
8,2025-12-01,AWS_C1_001,Cohort 1,AWS Cloud,Dorothy Choi,89.8,75.9,82.85,True,True,True
8,2025-12-01,AWS_C1_002,Cohort 1,AWS Cloud,Emily Nguyen,,,,False,False,False
8,2025-12-01,AWS_C1_003,Cohort 1,AWS Cloud,Charles Liu,,,,False,False,False
8,2025-12-01,AWS_C1_004,Cohort 1,AWS Cloud,Elizabeth Wang,79.1,89.0,84.05,True,True,True
8,2025-12-01,AWS_C1_005,Cohort 1,AWS Cloud,Ming Martinez,96.9,85.8,91.35,True,True,True
8,2025-12-01,AWS_C1_006,Cohort 1,AWS Cloud,Nadia Ahmed,,,,False,False,False
8,2025-12-01,AWS_C1_007,Cohort 1,AWS Cloud,Sofia Morris,,,,False,False,False
8,2025-12-01,AWS_C1_008,Cohort 1,AWS Cloud,Zainab Liu,95.0,,95.0,True,False,True
8,2025-12-01,AWS_C1_009,Cohort 1,AWS Cloud,Babatunde Chen,,,,False,False,False
8,2025-12-01,AWS_C1_010,Cohort 1,AWS Cloud,Kwame Verma,60.6,60.3,60.45,True,True,True
8,2025-12-01,AWS_C1_011,Cohort 1,AWS Cloud,Nadia Park,,,,False,False,False
8,2025-12-01,AWS_C1_012,Cohort 1,AWS Cloud,Ronald Gonzalez,67.4,76.0,71.7,True,True,True
8,2025-12-01,AWS_C1_013,Cohort 1,AWS Cloud,Amy Johnson,93.4,100.0,96.7,True,True,True
8,2025-12-01,AWS_C1_014,Cohort 1,AWS Cloud,Jennifer King,,,,False,False,False
8,2025-12-01,AWS_C1_015,Cohort 1,AWS Cloud,Elizabeth Miller,,,,False,False,False
8,2025-12-01,AWS_C1_016,Cohort 1,AWS Cloud,Amy Green,92.7,83.5,88.1,True,True,True
8,2025-12-01,AWS_C1_017,Cohort 1,AWS Cloud,Emily Hall,81.6,,81.6,True,False,True
8,2025-12-01,AWS_C1_018,Cohort 1,AWS Cloud,Kenneth Chen,78.6,67.9,73.25,True,True,True
8,2025-12-01,AWS_C1_019,Cohort 1,AWS Cloud,Timothy Nwosu,63.4,65.8,64.6,True,True,True
8,2025-12-01,AWS_C1_020,Cohort 1,AWS Cloud,Angela Robinson,81.3,82.8,82.05,True,True,True
9,2025-12-08,AWS_C1_001,Cohort 1,AWS Cloud,Dorothy Choi,89.7,86.3,88.0,True,True,True
9,2025-12-08,AWS_C1_002,Cohort 1,AWS Cloud,Emily Nguyen,,,,False,False,False
9,2025-12-08,AWS_C1_003,Cohort 1,AWS Cloud,Charles Liu,18.6,55.0,36.8,True,True,True
9,2025-12-08,AWS_C1_004,Cohort 1,AWS Cloud,Elizabeth Wang,83.0,87.2,85.1,True,True,True
9,2025-12-08,AWS_C1_005,Cohort 1,AWS Cloud,Ming Martinez,96.8,99.5,98.15,True,True,True
9,2025-12-08,AWS_C1_006,Cohort 1,AWS Cloud,Nadia Ahmed,,,,False,False,False
9,2025-12-08,AWS_C1_007,Cohort 1,AWS Cloud,Sofia Morris,,,,False,False,False
9,2025-12-08,AWS_C1_008,Cohort 1,AWS Cloud,Zainab Liu,,66.8,66.8,False,True,True
9,2025-12-08,AWS_C1_009,Cohort 1,AWS Cloud,Babatunde Chen,,,,False,False,False
9,2025-12-08,AWS_C1_010,Cohort 1,AWS Cloud,Kwame Verma,57.8,64.8,61.3,True,True,True
9,2025-12-08,AWS_C1_011,Cohort 1,AWS Cloud,Nadia Park,,,,False,False,False
9,2025-12-08,AWS_C1_012,Cohort 1,AWS Cloud,Ronald Gonzalez,79.3,80.7,80.0,True,True,True
9,2025-12-08,AWS_C1_013,Cohort 1,AWS Cloud,Amy Johnson,100.0,93.0,96.5,True,True,True
9,2025-12-08,AWS_C1_014,Cohort 1,AWS Cloud,Jennifer King,,,,False,False,False
9,2025-12-08,AWS_C1_015,Cohort 1,AWS Cloud,Elizabeth Miller,63.9,76.3,70.1,True,True,True
9,2025-12-08,AWS_C1_016,Cohort 1,AWS Cloud,Amy Green,90.8,87.3,89.05,True,True,True
9,2025-12-08,AWS_C1_017,Cohort 1,AWS Cloud,Emily Hall,80.1,,80.1,True,False,True
9,2025-12-08,AWS_C1_018,Cohort 1,AWS Cloud,Kenneth Chen,80.6,100.0,90.3,True,True,True
9,2025-12-08,AWS_C1_019,Cohort 1,AWS Cloud,Timothy Nwosu,72.8,51.1,61.95,True,True,True
9,2025-12-08,AWS_C1_020,Cohort 1,AWS Cloud,Angela Robinson,80.2,76.6,78.4,True,True,True
10,2025-12-15,AWS_C1_001,Cohort 1,AWS Cloud,Dorothy Choi,87.9,74.4,81.15,True,True,True
10,2025-12-15,AWS_C1_002,Cohort 1,AWS Cloud,Emily Nguyen,,,,False,False,False
10,2025-12-15,AWS_C1_003,Cohort 1,AWS Cloud,Charles Liu,31.7,25.7,28.7,True,True,True
10,2025-12-15,AWS_C1_004,Cohort 1,AWS Cloud,Elizabeth Wang,76.3,78.1,77.2,True,True,True
10,2025-12-15,AWS_C1_005,Cohort 1,AWS Cloud,Ming Martinez,98.4,90.9,94.65,True,True,True
10,2025-12-15,AWS_C1_006,Cohort 1,AWS Cloud,Nadia Ahmed,,,,False,False,False
10,2025-12-15,AWS_C1_007,Cohort 1,AWS Cloud,Sofia Morris,,,,False,False,False
10,2025-12-15,AWS_C1_008,Cohort 1,AWS Cloud,Zainab Liu,,,,False,False,False
10,2025-12-15,AWS_C1_009,Cohort 1,AWS Cloud,Babatunde Chen,,,,False,False,False
10,2025-12-15,AWS_C1_010,Cohort 1,AWS Cloud,Kwame Verma,73.7,76.3,75.0,True,True,True
10,2025-12-15,AWS_C1_011,Cohort 1,AWS Cloud,Nadia Park,,,,False,False,False
10,2025-12-15,AWS_C1_012,Cohort 1,AWS Cloud,Ronald Gonzalez,74.4,81.3,77.85,True,True,True
10,2025-12-15,AWS_C1_013,Cohort 1,AWS Cloud,Amy Johnson,97.1,93.9,95.5,True,True,True
10,2025-12-15,AWS_C1_014,Cohort 1,AWS Cloud,Jennifer King,,,,False,False,False
10,2025-12-15,AWS_C1_015,Cohort 1,AWS Cloud,Elizabeth Miller,66.8,49.5,58.15,True,True,True
10,2025-12-15,AWS_C1_016,Cohort 1,AWS Cloud,Amy Green,99.4,,99.4,True,False,True
10,2025-12-15,AWS_C1_017,Cohort 1,AWS Cloud,Emily Hall,,67.3,67.3,False,True,True
10,2025-12-15,AWS_C1_018,Cohort 1,AWS Cloud,Kenneth Chen,,,,False,False,False
10,2025-12-15,AWS_C1_019,Cohort 1,AWS Cloud,Timothy Nwosu,73.4,80.4,76.9,True,True,True
10,2025-12-15,AWS_C1_020,Cohort 1,AWS Cloud,Angela Robinson,78.0,78.0,78.0,True,True,True
1,2026-01-12,AWS_C2_001,Cohort 2,AWS Cloud,William Smith,78.7,76.8,77.75,True,True,True
1,2026-01-12,AWS_C2_002,Cohort 2,AWS Cloud,Carol Kumar,82.8,83.4,83.1,True,True,True
1,2026-01-12,AWS_C2_003,Cohort 2,AWS Cloud,Elizabeth White,80.3,79.5,79.9,True,True,True
1,2026-01-12,AWS_C2_004,Cohort 2,AWS Cloud,Cynthia Nwobi,76.7,83.0,79.85,True,True,True
1,2026-01-12,AWS_C2_005,Cohort 2,AWS Cloud,Emeka Clark,,72.4,72.4,False,True,True
1,2026-01-12,AWS_C2_006,Cohort 2,AWS Cloud,Sarah Campbell,77.6,76.5,77.05,True,True,True
1,2026-01-12,AWS_C2_007,Cohort 2,AWS Cloud,Yetunde Smith,60.6,,60.6,True,False,True
1,2026-01-12,AWS_C2_008,Cohort 2,AWS Cloud,Linda Reed,77.4,86.3,81.85,True,True,True
1,2026-01-12,AWS_C2_009,Cohort 2,AWS Cloud,Arjun Adeyemi,91.2,76.4,83.8,True,True,True
1,2026-01-12,AWS_C2_010,Cohort 2,AWS Cloud,Lucas Anderson,68.6,76.9,72.75,True,True,True
1,2026-01-12,AWS_C2_011,Cohort 2,AWS Cloud,Michael Hill,,85.2,85.2,False,True,True
1,2026-01-12,AWS_C2_012,Cohort 2,AWS Cloud,Rebecca Collins,,41.7,41.7,False,True,True
1,2026-01-12,AWS_C2_013,Cohort 2,AWS Cloud,Joshua Reed,75.6,76.0,75.8,True,True,True
1,2026-01-12,AWS_C2_014,Cohort 2,AWS Cloud,Christopher Obiora,89.1,83.3,86.2,True,True,True
1,2026-01-12,AWS_C2_015,Cohort 2,AWS Cloud,Ronald Balogun,100.0,100.0,100.0,True,True,True
1,2026-01-12,AWS_C2_016,Cohort 2,AWS Cloud,Arjun Turner,76.0,,76.0,True,False,True
1,2026-01-12,AWS_C2_017,Cohort 2,AWS Cloud,Gary Taylor,89.0,94.2,91.6,True,True,True
1,2026-01-12,AWS_C2_018,Cohort 2,AWS Cloud,Patricia Wang,62.2,31.8,47.0,True,True,True
2,2026-01-19,AWS_C2_001,Cohort 2,AWS Cloud,William Smith,74.6,67.4,71.0,True,True,True
2,2026-01-19,AWS_C2_002,Cohort 2,AWS Cloud,Carol Kumar,91.2,100.0,95.6,True,True,True
2,2026-01-19,AWS_C2_003,Cohort 2,AWS Cloud,Elizabeth White,71.9,76.6,74.25,True,True,True
2,2026-01-19,AWS_C2_004,Cohort 2,AWS Cloud,Cynthia Nwobi,75.9,81.8,78.85,True,True,True
2,2026-01-19,AWS_C2_005,Cohort 2,AWS Cloud,Emeka Clark,59.9,71.1,65.5,True,True,True
2,2026-01-19,AWS_C2_006,Cohort 2,AWS Cloud,Sarah Campbell,75.4,75.1,75.25,True,True,True
2,2026-01-19,AWS_C2_007,Cohort 2,AWS Cloud,Yetunde Smith,49.6,25.5,37.55,True,True,True
2,2026-01-19,AWS_C2_008,Cohort 2,AWS Cloud,Linda Reed,73.8,68.5,71.15,True,True,True
2,2026-01-19,AWS_C2_009,Cohort 2,AWS Cloud,Arjun Adeyemi,85.9,87.7,86.8,True,True,True
2,2026-01-19,AWS_C2_010,Cohort 2,AWS Cloud,Lucas Anderson,70.4,78.2,74.3,True,True,True
2,2026-01-19,AWS_C2_011,Cohort 2,AWS Cloud,Michael Hill,58.5,62.3,60.4,True,True,True
2,2026-01-19,AWS_C2_012,Cohort 2,AWS Cloud,Rebecca Collins,39.7,38.3,39.0,True,True,True
2,2026-01-19,AWS_C2_013,Cohort 2,AWS Cloud,Joshua Reed,81.9,89.6,85.75,True,True,True
2,2026-01-19,AWS_C2_014,Cohort 2,AWS Cloud,Christopher Obiora,87.3,86.0,86.65,True,True,True
2,2026-01-19,AWS_C2_015,Cohort 2,AWS Cloud,Ronald Balogun,96.4,94.7,95.55,True,True,True
2,2026-01-19,AWS_C2_016,Cohort 2,AWS Cloud,Arjun Turner,88.0,79.8,83.9,True,True,True
2,2026-01-19,AWS_C2_017,Cohort 2,AWS Cloud,Gary Taylor,86.4,94.4,90.4,True,True,True
2,2026-01-19,AWS_C2_018,Cohort 2,AWS Cloud,Patricia Wang,,,,False,False,False
3,2026-01-26,AWS_C2_001,Cohort 2,AWS Cloud,William Smith,,62.1,62.1,False,True,True
3,2026-01-26,AWS_C2_002,Cohort 2,AWS Cloud,Carol Kumar,92.4,94.5,93.45,True,True,True
3,2026-01-26,AWS_C2_003,Cohort 2,AWS Cloud,Elizabeth White,75.7,68.6,72.15,True,True,True
3,2026-01-26,AWS_C2_004,Cohort 2,AWS Cloud,Cynthia Nwobi,74.0,85.7,79.85,True,True,True
3,2026-01-26,AWS_C2_005,Cohort 2,AWS Cloud,Emeka Clark,,63.5,63.5,False,True,True
3,2026-01-26,AWS_C2_006,Cohort 2,AWS Cloud,Sarah Campbell,64.6,92.0,78.3,True,True,True
3,2026-01-26,AWS_C2_007,Cohort 2,AWS Cloud,Yetunde Smith,,,,False,False,False
3,2026-01-26,AWS_C2_008,Cohort 2,AWS Cloud,Linda Reed,,,,False,False,False
3,2026-01-26,AWS_C2_009,Cohort 2,AWS Cloud,Arjun Adeyemi,92.3,80.7,86.5,True,True,True
3,2026-01-26,AWS_C2_010,Cohort 2,AWS Cloud,Lucas Anderson,61.9,,61.9,True,False,True
3,2026-01-26,AWS_C2_011,Cohort 2,AWS Cloud,Michael Hill,60.4,61.6,61.0,True,True,True
3,2026-01-26,AWS_C2_012,Cohort 2,AWS Cloud,Rebecca Collins,57.5,33.5,45.5,True,True,True
3,2026-01-26,AWS_C2_013,Cohort 2,AWS Cloud,Joshua Reed,97.3,66.6,81.95,True,True,True
3,2026-01-26,AWS_C2_014,Cohort 2,AWS Cloud,Christopher Obiora,96.4,83.0,89.7,True,True,True
3,2026-01-26,AWS_C2_015,Cohort 2,AWS Cloud,Ronald Balogun,99.0,84.3,91.65,True,True,True
3,2026-01-26,AWS_C2_016,Cohort 2,AWS Cloud,Arjun Turner,69.5,77.1,73.3,True,True,True
3,2026-01-26,AWS_C2_017,Cohort 2,AWS Cloud,Gary Taylor,85.7,77.0,81.35,True,True,True
3,2026-01-26,AWS_C2_018,Cohort 2,AWS Cloud,Patricia Wang,68.5,,68.5,True,False,True
4,2026-02-02,AWS_C2_001,Cohort 2,AWS Cloud,William Smith,83.2,83.3,83.25,True,True,True
4,2026-02-02,AWS_C2_002,Cohort 2,AWS Cloud,Carol Kumar,90.4,92.7,91.55,True,True,True
4,2026-02-02,AWS_C2_003,Cohort 2,AWS Cloud,Elizabeth White,88.6,,88.6,True,False,True
4,2026-02-02,AWS_C2_004,Cohort 2,AWS Cloud,Cynthia Nwobi,71.2,93.1,82.15,True,True,True
4,2026-02-02,AWS_C2_005,Cohort 2,AWS Cloud,Emeka Clark,67.3,,67.3,True,False,True
4,2026-02-02,AWS_C2_006,Cohort 2,AWS Cloud,Sarah Campbell,77.4,66.4,71.9,True,True,True
4,2026-02-02,AWS_C2_007,Cohort 2,AWS Cloud,Yetunde Smith,,,,False,False,False
4,2026-02-02,AWS_C2_008,Cohort 2,AWS Cloud,Linda Reed,,,,False,False,False
4,2026-02-02,AWS_C2_009,Cohort 2,AWS Cloud,Arjun Adeyemi,91.2,80.6,85.9,True,True,True
4,2026-02-02,AWS_C2_010,Cohort 2,AWS Cloud,Lucas Anderson,85.2,76.1,80.65,True,True,True
4,2026-02-02,AWS_C2_011,Cohort 2,AWS Cloud,Michael Hill,82.2,73.0,77.6,True,True,True
4,2026-02-02,AWS_C2_012,Cohort 2,AWS Cloud,Rebecca Collins,,,,False,False,False
4,2026-02-02,AWS_C2_013,Cohort 2,AWS Cloud,Joshua Reed,84.5,85.6,85.05,True,True,True
4,2026-02-02,AWS_C2_014,Cohort 2,AWS Cloud,Christopher Obiora,92.3,94.4,93.35,True,True,True
4,2026-02-02,AWS_C2_015,Cohort 2,AWS Cloud,Ronald Balogun,92.1,91.2,91.65,True,True,True
4,2026-02-02,AWS_C2_016,Cohort 2,AWS Cloud,Arjun Turner,73.5,80.2,76.85,True,True,True
4,2026-02-02,AWS_C2_017,Cohort 2,AWS Cloud,Gary Taylor,88.1,87.0,87.55,True,True,True
4,2026-02-02,AWS_C2_018,Cohort 2,AWS Cloud,Patricia Wang,57.1,,57.1,True,False,True
5,2026-02-09,AWS_C2_001,Cohort 2,AWS Cloud,William Smith,84.0,76.5,80.25,True,True,True
5,2026-02-09,AWS_C2_002,Cohort 2,AWS Cloud,Carol Kumar,93.3,87.9,90.6,True,True,True
5,2026-02-09,AWS_C2_003,Cohort 2,AWS Cloud,Elizabeth White,75.4,84.2,79.8,True,True,True
5,2026-02-09,AWS_C2_004,Cohort 2,AWS Cloud,Cynthia Nwobi,65.0,87.9,76.45,True,True,True
5,2026-02-09,AWS_C2_005,Cohort 2,AWS Cloud,Emeka Clark,70.3,,70.3,True,False,True
5,2026-02-09,AWS_C2_006,Cohort 2,AWS Cloud,Sarah Campbell,77.5,62.9,70.2,True,True,True
5,2026-02-09,AWS_C2_007,Cohort 2,AWS Cloud,Yetunde Smith,,,,False,False,False
5,2026-02-09,AWS_C2_008,Cohort 2,AWS Cloud,Linda Reed,,70.4,70.4,False,True,True
5,2026-02-09,AWS_C2_009,Cohort 2,AWS Cloud,Arjun Adeyemi,89.4,72.4,80.9,True,True,True
5,2026-02-09,AWS_C2_010,Cohort 2,AWS Cloud,Lucas Anderson,78.3,64.1,71.2,True,True,True
5,2026-02-09,AWS_C2_011,Cohort 2,AWS Cloud,Michael Hill,72.6,56.9,64.75,True,True,True
5,2026-02-09,AWS_C2_012,Cohort 2,AWS Cloud,Rebecca Collins,,,,False,False,False
5,2026-02-09,AWS_C2_013,Cohort 2,AWS Cloud,Joshua Reed,82.0,,82.0,True,False,True
5,2026-02-09,AWS_C2_014,Cohort 2,AWS Cloud,Christopher Obiora,95.1,88.1,91.6,True,True,True
5,2026-02-09,AWS_C2_015,Cohort 2,AWS Cloud,Ronald Balogun,100.0,87.0,93.5,True,True,True
5,2026-02-09,AWS_C2_016,Cohort 2,AWS Cloud,Arjun Turner,73.7,77.1,75.4,True,True,True
5,2026-02-09,AWS_C2_017,Cohort 2,AWS Cloud,Gary Taylor,98.1,81.5,89.8,True,True,True
5,2026-02-09,AWS_C2_018,Cohort 2,AWS Cloud,Patricia Wang,,,,False,False,False
6,2026-02-16,AWS_C2_001,Cohort 2,AWS Cloud,William Smith,,74.6,74.6,False,True,True
6,2026-02-16,AWS_C2_002,Cohort 2,AWS Cloud,Carol Kumar,,97.8,97.8,False,True,True
6,2026-02-16,AWS_C2_003,Cohort 2,AWS Cloud,Elizabeth White,71.5,82.7,77.1,True,True,True
6,2026-02-16,AWS_C2_004,Cohort 2,AWS Cloud,Cynthia Nwobi,,60.9,60.9,False,True,True
6,2026-02-16,AWS_C2_005,Cohort 2,AWS Cloud,Emeka Clark,64.4,68.8,66.6,True,True,True
6,2026-02-16,AWS_C2_006,Cohort 2,AWS Cloud,Sarah Campbell,82.1,75.6,78.85,True,True,True
6,2026-02-16,AWS_C2_007,Cohort 2,AWS Cloud,Yetunde Smith,,,,False,False,False
6,2026-02-16,AWS_C2_008,Cohort 2,AWS Cloud,Linda Reed,,,,False,False,False
6,2026-02-16,AWS_C2_009,Cohort 2,AWS Cloud,Arjun Adeyemi,82.6,88.1,85.35,True,True,True
6,2026-02-16,AWS_C2_010,Cohort 2,AWS Cloud,Lucas Anderson,79.1,64.9,72.0,True,True,True
6,2026-02-16,AWS_C2_011,Cohort 2,AWS Cloud,Michael Hill,67.6,46.2,56.9,True,True,True
6,2026-02-16,AWS_C2_012,Cohort 2,AWS Cloud,Rebecca Collins,,,,False,False,False
6,2026-02-16,AWS_C2_013,Cohort 2,AWS Cloud,Joshua Reed,78.5,85.9,82.2,True,True,True
6,2026-02-16,AWS_C2_014,Cohort 2,AWS Cloud,Christopher Obiora,94.3,80.7,87.5,True,True,True
6,2026-02-16,AWS_C2_015,Cohort 2,AWS Cloud,Ronald Balogun,97.1,90.8,93.95,True,True,True
6,2026-02-16,AWS_C2_016,Cohort 2,AWS Cloud,Arjun Turner,68.5,75.4,71.95,True,True,True
6,2026-02-16,AWS_C2_017,Cohort 2,AWS Cloud,Gary Taylor,96.3,81.8,89.05,True,True,True
6,2026-02-16,AWS_C2_018,Cohort 2,AWS Cloud,Patricia Wang,60.5,40.6,50.55,True,True,True
1,2025-10-06,PB_C1_001,Cohort 1,Power BI,Kwame Okeke,39.9,,39.9,True,False,True
1,2025-10-06,PB_C1_002,Cohort 1,Power BI,Ananya Verma,55.6,74.1,64.85,True,True,True
1,2025-10-06,PB_C1_003,Cohort 1,Power BI,Raj Brown,46.3,,46.3,True,False,True
1,2025-10-06,PB_C1_004,Cohort 1,Power BI,Nancy Flores,,67.8,67.8,False,True,True
1,2025-10-06,PB_C1_005,Cohort 1,Power BI,Stephanie Davis,74.4,66.2,70.3,True,True,True
1,2025-10-06,PB_C1_006,Cohort 1,Power BI,Susan Nelson,,,,False,False,False
1,2025-10-06,PB_C1_007,Cohort 1,Power BI,Jonathan Flores,95.6,84.7,90.15,True,True,True
1,2025-10-06,PB_C1_008,Cohort 1,Power BI,Anthony Hill,94.2,87.1,90.65,True,True,True
1,2025-10-06,PB_C1_009,Cohort 1,Power BI,Robert Stewart,88.9,87.9,88.4,True,True,True
1,2025-10-06,PB_C1_010,Cohort 1,Power BI,Diego Liu,76.1,77.8,76.95,True,True,True
1,2025-10-06,PB_C1_011,Cohort 1,Power BI,Ivan King,43.1,65.5,54.3,True,True,True
1,2025-10-06,PB_C1_012,Cohort 1,Power BI,Karen Campbell,74.4,64.4,69.4,True,True,True
1,2025-10-06,PB_C1_013,Cohort 1,Power BI,Dorothy Green,66.9,86.6,76.75,True,True,True
1,2025-10-06,PB_C1_014,Cohort 1,Power BI,Robert Young,89.6,100.0,94.8,True,True,True
1,2025-10-06,PB_C1_015,Cohort 1,Power BI,Jonathan Adeyemi,85.4,98.5,91.95,True,True,True
1,2025-10-06,PB_C1_016,Cohort 1,Power BI,Barbara Ahmed,78.7,76.1,77.4,True,True,True
1,2025-10-06,PB_C1_017,Cohort 1,Power BI,Jacob Carter,64.5,53.1,58.8,True,True,True
1,2025-10-06,PB_C1_018,Cohort 1,Power BI,Jonathan Williams,,,,False,False,False
1,2025-10-06,PB_C1_019,Cohort 1,Power BI,Cynthia Yoon,,79.6,79.6,False,True,True
1,2025-10-06,PB_C1_020,Cohort 1,Power BI,Emily Baker,66.5,69.5,68.0,True,True,True
1,2025-10-06,PB_C1_021,Cohort 1,Power BI,Yuki Rao,63.3,61.9,62.6,True,True,True
1,2025-10-06,PB_C1_022,Cohort 1,Power BI,Kwame Phillips,90.0,94.9,92.45,True,True,True
1,2025-10-06,PB_C1_023,Cohort 1,Power BI,Priya Carter,74.5,46.0,60.25,True,True,True
1,2025-10-06,PB_C1_024,Cohort 1,Power BI,Dorothy Brown,93.7,95.9,94.8,True,True,True
1,2025-10-06,PB_C1_025,Cohort 1,Power BI,Chidi Martin,41.4,,41.4,True,False,True
2,2025-10-13,PB_C1_001,Cohort 1,Power BI,Kwame Okeke,54.3,64.4,59.35,True,True,True
2,2025-10-13,PB_C1_002,Cohort 1,Power BI,Ananya Verma,,42.6,42.6,False,True,True
2,2025-10-13,PB_C1_003,Cohort 1,Power BI,Raj Brown,48.0,39.3,43.65,True,True,True
2,2025-10-13,PB_C1_004,Cohort 1,Power BI,Nancy Flores,,71.4,71.4,False,True,True
2,2025-10-13,PB_C1_005,Cohort 1,Power BI,Stephanie Davis,63.9,60.9,62.4,True,True,True
2,2025-10-13,PB_C1_006,Cohort 1,Power BI,Susan Nelson,76.9,70.9,73.9,True,True,True
2,2025-10-13,PB_C1_007,Cohort 1,Power BI,Jonathan Flores,93.6,87.9,90.75,True,True,True
2,2025-10-13,PB_C1_008,Cohort 1,Power BI,Anthony Hill,79.7,79.8,79.75,True,True,True
2,2025-10-13,PB_C1_009,Cohort 1,Power BI,Robert Stewart,83.6,89.0,86.3,True,True,True
2,2025-10-13,PB_C1_010,Cohort 1,Power BI,Diego Liu,83.1,74.2,78.65,True,True,True
2,2025-10-13,PB_C1_011,Cohort 1,Power BI,Ivan King,54.1,57.3,55.7,True,True,True
2,2025-10-13,PB_C1_012,Cohort 1,Power BI,Karen Campbell,63.1,51.1,57.1,True,True,True
2,2025-10-13,PB_C1_013,Cohort 1,Power BI,Dorothy Green,,,,False,False,False
2,2025-10-13,PB_C1_014,Cohort 1,Power BI,Robert Young,97.9,76.8,87.35,True,True,True
2,2025-10-13,PB_C1_015,Cohort 1,Power BI,Jonathan Adeyemi,80.0,73.8,76.9,True,True,True
2,2025-10-13,PB_C1_016,Cohort 1,Power BI,Barbara Ahmed,,74.1,74.1,False,True,True
2,2025-10-13,PB_C1_017,Cohort 1,Power BI,Jacob Carter,56.3,44.8,50.55,True,True,True
2,2025-10-13,PB_C1_018,Cohort 1,Power BI,Jonathan Williams,59.9,,59.9,True,False,True
2,2025-10-13,PB_C1_019,Cohort 1,Power BI,Cynthia Yoon,81.6,79.6,80.6,True,True,True
2,2025-10-13,PB_C1_020,Cohort 1,Power BI,Emily Baker,63.3,47.0,55.15,True,True,True
2,2025-10-13,PB_C1_021,Cohort 1,Power BI,Yuki Rao,61.0,41.8,51.4,True,True,True
2,2025-10-13,PB_C1_022,Cohort 1,Power BI,Kwame Phillips,97.5,85.5,91.5,True,True,True
2,2025-10-13,PB_C1_023,Cohort 1,Power BI,Priya Carter,59.1,51.0,55.05,True,True,True
2,2025-10-13,PB_C1_024,Cohort 1,Power BI,Dorothy Brown,,89.2,89.2,False,True,True
2,2025-10-13,PB_C1_025,Cohort 1,Power BI,Chidi Martin,58.0,33.3,45.65,True,True,True
3,2025-10-20,PB_C1_001,Cohort 1,Power BI,Kwame Okeke,54.4,,54.4,True,False,True
3,2025-10-20,PB_C1_002,Cohort 1,Power BI,Ananya Verma,,63.1,63.1,False,True,True
3,2025-10-20,PB_C1_003,Cohort 1,Power BI,Raj Brown,54.2,54.8,54.5,True,True,True
3,2025-10-20,PB_C1_004,Cohort 1,Power BI,Nancy Flores,62.2,68.5,65.35,True,True,True
3,2025-10-20,PB_C1_005,Cohort 1,Power BI,Stephanie Davis,72.7,76.5,74.6,True,True,True
3,2025-10-20,PB_C1_006,Cohort 1,Power BI,Susan Nelson,87.5,77.9,82.7,True,True,True
3,2025-10-20,PB_C1_007,Cohort 1,Power BI,Jonathan Flores,85.7,85.0,85.35,True,True,True
3,2025-10-20,PB_C1_008,Cohort 1,Power BI,Anthony Hill,93.1,81.3,87.2,True,True,True
3,2025-10-20,PB_C1_009,Cohort 1,Power BI,Robert Stewart,92.6,96.6,94.6,True,True,True
3,2025-10-20,PB_C1_010,Cohort 1,Power BI,Diego Liu,89.1,82.8,85.95,True,True,True
3,2025-10-20,PB_C1_011,Cohort 1,Power BI,Ivan King,,54.4,54.4,False,True,True
3,2025-10-20,PB_C1_012,Cohort 1,Power BI,Karen Campbell,59.8,72.1,65.95,True,True,True
3,2025-10-20,PB_C1_013,Cohort 1,Power BI,Dorothy Green,,,,False,False,False
3,2025-10-20,PB_C1_014,Cohort 1,Power BI,Robert Young,90.7,95.3,93.0,True,True,True
3,2025-10-20,PB_C1_015,Cohort 1,Power BI,Jonathan Adeyemi,76.1,74.0,75.05,True,True,True
3,2025-10-20,PB_C1_016,Cohort 1,Power BI,Barbara Ahmed,83.2,77.3,80.25,True,True,True
3,2025-10-20,PB_C1_017,Cohort 1,Power BI,Jacob Carter,,,,False,False,False
3,2025-10-20,PB_C1_018,Cohort 1,Power BI,Jonathan Williams,64.6,44.0,54.3,True,True,True
3,2025-10-20,PB_C1_019,Cohort 1,Power BI,Cynthia Yoon,,59.4,59.4,False,True,True
3,2025-10-20,PB_C1_020,Cohort 1,Power BI,Emily Baker,,,,False,False,False
3,2025-10-20,PB_C1_021,Cohort 1,Power BI,Yuki Rao,60.8,58.4,59.6,True,True,True
3,2025-10-20,PB_C1_022,Cohort 1,Power BI,Kwame Phillips,87.6,84.9,86.25,True,True,True
3,2025-10-20,PB_C1_023,Cohort 1,Power BI,Priya Carter,80.4,55.6,68.0,True,True,True
3,2025-10-20,PB_C1_024,Cohort 1,Power BI,Dorothy Brown,89.8,95.1,92.45,True,True,True
3,2025-10-20,PB_C1_025,Cohort 1,Power BI,Chidi Martin,68.3,62.8,65.55,True,True,True
4,2025-10-27,PB_C1_001,Cohort 1,Power BI,Kwame Okeke,50.4,,50.4,True,False,True
4,2025-10-27,PB_C1_002,Cohort 1,Power BI,Ananya Verma,54.5,,54.5,True,False,True
4,2025-10-27,PB_C1_003,Cohort 1,Power BI,Raj Brown,,,,False,False,False
4,2025-10-27,PB_C1_004,Cohort 1,Power BI,Nancy Flores,61.1,62.2,61.65,True,True,True
4,2025-10-27,PB_C1_005,Cohort 1,Power BI,Stephanie Davis,69.0,61.7,65.35,True,True,True
4,2025-10-27,PB_C1_006,Cohort 1,Power BI,Susan Nelson,85.4,73.1,79.25,True,True,True
4,2025-10-27,PB_C1_007,Cohort 1,Power BI,Jonathan Flores,,91.2,91.2,False,True,True
4,2025-10-27,PB_C1_008,Cohort 1,Power BI,Anthony Hill,88.5,73.2,80.85,True,True,True
4,2025-10-27,PB_C1_009,Cohort 1,Power BI,Robert Stewart,93.4,78.8,86.1,True,True,True
4,2025-10-27,PB_C1_010,Cohort 1,Power BI,Diego Liu,78.2,86.4,82.3,True,True,True
4,2025-10-27,PB_C1_011,Cohort 1,Power BI,Ivan King,79.7,70.8,75.25,True,True,True
4,2025-10-27,PB_C1_012,Cohort 1,Power BI,Karen Campbell,72.4,54.9,63.65,True,True,True
4,2025-10-27,PB_C1_013,Cohort 1,Power BI,Dorothy Green,55.9,56.5,56.2,True,True,True
4,2025-10-27,PB_C1_014,Cohort 1,Power BI,Robert Young,91.2,82.2,86.7,True,True,True
4,2025-10-27,PB_C1_015,Cohort 1,Power BI,Jonathan Adeyemi,,,,False,False,False
4,2025-10-27,PB_C1_016,Cohort 1,Power BI,Barbara Ahmed,88.1,,88.1,True,False,True
4,2025-10-27,PB_C1_017,Cohort 1,Power BI,Jacob Carter,,30.5,30.5,False,True,True
4,2025-10-27,PB_C1_018,Cohort 1,Power BI,Jonathan Williams,62.9,58.5,60.7,True,True,True
4,2025-10-27,PB_C1_019,Cohort 1,Power BI,Cynthia Yoon,79.0,57.6,68.3,True,True,True
4,2025-10-27,PB_C1_020,Cohort 1,Power BI,Emily Baker,,,,False,False,False
4,2025-10-27,PB_C1_021,Cohort 1,Power BI,Yuki Rao,39.8,64.3,52.05,True,True,True
4,2025-10-27,PB_C1_022,Cohort 1,Power BI,Kwame Phillips,89.5,93.4,91.45,True,True,True
4,2025-10-27,PB_C1_023,Cohort 1,Power BI,Priya Carter,,65.6,65.6,False,True,True
4,2025-10-27,PB_C1_024,Cohort 1,Power BI,Dorothy Brown,88.0,87.8,87.9,True,True,True
4,2025-10-27,PB_C1_025,Cohort 1,Power BI,Chidi Martin,43.5,59.3,51.4,True,True,True
5,2025-11-03,PB_C1_001,Cohort 1,Power BI,Kwame Okeke,,65.9,65.9,False,True,True
5,2025-11-03,PB_C1_002,Cohort 1,Power BI,Ananya Verma,67.4,,67.4,True,False,True
5,2025-11-03,PB_C1_003,Cohort 1,Power BI,Raj Brown,,,,False,False,False
5,2025-11-03,PB_C1_004,Cohort 1,Power BI,Nancy Flores,68.0,,68.0,True,False,True
5,2025-11-03,PB_C1_005,Cohort 1,Power BI,Stephanie Davis,68.3,74.6,71.45,True,True,True
5,2025-11-03,PB_C1_006,Cohort 1,Power BI,Susan Nelson,,,,False,False,False
5,2025-11-03,PB_C1_007,Cohort 1,Power BI,Jonathan Flores,85.0,100.0,92.5,True,True,True
5,2025-11-03,PB_C1_008,Cohort 1,Power BI,Anthony Hill,95.2,97.1,96.15,True,True,True
5,2025-11-03,PB_C1_009,Cohort 1,Power BI,Robert Stewart,86.1,78.4,82.25,True,True,True
5,2025-11-03,PB_C1_010,Cohort 1,Power BI,Diego Liu,90.1,85.6,87.85,True,True,True
5,2025-11-03,PB_C1_011,Cohort 1,Power BI,Ivan King,63.5,76.4,69.95,True,True,True
5,2025-11-03,PB_C1_012,Cohort 1,Power BI,Karen Campbell,71.6,,71.6,True,False,True
5,2025-11-03,PB_C1_013,Cohort 1,Power BI,Dorothy Green,73.9,,73.9,True,False,True
5,2025-11-03,PB_C1_014,Cohort 1,Power BI,Robert Young,93.2,93.9,93.55,True,True,True
5,2025-11-03,PB_C1_015,Cohort 1,Power BI,Jonathan Adeyemi,84.0,83.4,83.7,True,True,True
5,2025-11-03,PB_C1_016,Cohort 1,Power BI,Barbara Ahmed,84.8,66.7,75.75,True,True,True
5,2025-11-03,PB_C1_017,Cohort 1,Power BI,Jacob Carter,,,,False,False,False
5,2025-11-03,PB_C1_018,Cohort 1,Power BI,Jonathan Williams,60.2,24.4,42.3,True,True,True
5,2025-11-03,PB_C1_019,Cohort 1,Power BI,Cynthia Yoon,78.2,,78.2,True,False,True
5,2025-11-03,PB_C1_020,Cohort 1,Power BI,Emily Baker,,,,False,False,False
5,2025-11-03,PB_C1_021,Cohort 1,Power BI,Yuki Rao,57.1,,57.1,True,False,True
5,2025-11-03,PB_C1_022,Cohort 1,Power BI,Kwame Phillips,82.0,92.9,87.45,True,True,True
5,2025-11-03,PB_C1_023,Cohort 1,Power BI,Priya Carter,68.6,,68.6,True,False,True
5,2025-11-03,PB_C1_024,Cohort 1,Power BI,Dorothy Brown,85.3,88.9,87.1,True,True,True
5,2025-11-03,PB_C1_025,Cohort 1,Power BI,Chidi Martin,41.9,,41.9,True,False,True
6,2025-11-10,PB_C1_001,Cohort 1,Power BI,Kwame Okeke,58.3,45.7,52.0,True,True,True
6,2025-11-10,PB_C1_002,Cohort 1,Power BI,Ananya Verma,65.1,64.9,65.0,True,True,True
6,2025-11-10,PB_C1_003,Cohort 1,Power BI,Raj Brown,,,,False,False,False
6,2025-11-10,PB_C1_004,Cohort 1,Power BI,Nancy Flores,,78.8,78.8,False,True,True
6,2025-11-10,PB_C1_005,Cohort 1,Power BI,Stephanie Davis,71.8,56.3,64.05,True,True,True
6,2025-11-10,PB_C1_006,Cohort 1,Power BI,Susan Nelson,81.2,83.8,82.5,True,True,True
6,2025-11-10,PB_C1_007,Cohort 1,Power BI,Jonathan Flores,93.9,88.8,91.35,True,True,True
6,2025-11-10,PB_C1_008,Cohort 1,Power BI,Anthony Hill,91.6,85.2,88.4,True,True,True
6,2025-11-10,PB_C1_009,Cohort 1,Power BI,Robert Stewart,79.3,73.2,76.25,True,True,True
6,2025-11-10,PB_C1_010,Cohort 1,Power BI,Diego Liu,81.1,81.1,81.1,True,True,True
6,2025-11-10,PB_C1_011,Cohort 1,Power BI,Ivan King,64.8,73.3,69.05,True,True,True
6,2025-11-10,PB_C1_012,Cohort 1,Power BI,Karen Campbell,62.0,60.4,61.2,True,True,True
6,2025-11-10,PB_C1_013,Cohort 1,Power BI,Dorothy Green,64.8,55.6,60.2,True,True,True
6,2025-11-10,PB_C1_014,Cohort 1,Power BI,Robert Young,93.0,98.4,95.7,True,True,True
6,2025-11-10,PB_C1_015,Cohort 1,Power BI,Jonathan Adeyemi,75.6,81.5,78.55,True,True,True
6,2025-11-10,PB_C1_016,Cohort 1,Power BI,Barbara Ahmed,80.1,74.3,77.2,True,True,True
6,2025-11-10,PB_C1_017,Cohort 1,Power BI,Jacob Carter,,,,False,False,False
6,2025-11-10,PB_C1_018,Cohort 1,Power BI,Jonathan Williams,,,,False,False,False
6,2025-11-10,PB_C1_019,Cohort 1,Power BI,Cynthia Yoon,73.4,76.8,75.1,True,True,True
6,2025-11-10,PB_C1_020,Cohort 1,Power BI,Emily Baker,,,,False,False,False
6,2025-11-10,PB_C1_021,Cohort 1,Power BI,Yuki Rao,60.5,75.0,67.75,True,True,True
6,2025-11-10,PB_C1_022,Cohort 1,Power BI,Kwame Phillips,94.8,96.8,95.8,True,True,True
6,2025-11-10,PB_C1_023,Cohort 1,Power BI,Priya Carter,71.9,56.6,64.25,True,True,True
6,2025-11-10,PB_C1_024,Cohort 1,Power BI,Dorothy Brown,95.4,92.1,93.75,True,True,True
6,2025-11-10,PB_C1_025,Cohort 1,Power BI,Chidi Martin,62.8,,62.8,True,False,True
7,2025-11-17,PB_C1_001,Cohort 1,Power BI,Kwame Okeke,,,,False,False,False
7,2025-11-17,PB_C1_002,Cohort 1,Power BI,Ananya Verma,58.8,82.3,70.55,True,True,True
7,2025-11-17,PB_C1_003,Cohort 1,Power BI,Raj Brown,63.0,42.1,52.55,True,True,True
7,2025-11-17,PB_C1_004,Cohort 1,Power BI,Nancy Flores,,29.0,29.0,False,True,True
7,2025-11-17,PB_C1_005,Cohort 1,Power BI,Stephanie Davis,73.1,79.5,76.3,True,True,True
7,2025-11-17,PB_C1_006,Cohort 1,Power BI,Susan Nelson,72.7,63.3,68.0,True,True,True
7,2025-11-17,PB_C1_007,Cohort 1,Power BI,Jonathan Flores,89.3,92.8,91.05,True,True,True
7,2025-11-17,PB_C1_008,Cohort 1,Power BI,Anthony Hill,90.4,92.4,91.4,True,True,True
7,2025-11-17,PB_C1_009,Cohort 1,Power BI,Robert Stewart,85.7,79.3,82.5,True,True,True
7,2025-11-17,PB_C1_010,Cohort 1,Power BI,Diego Liu,89.5,91.0,90.25,True,True,True
7,2025-11-17,PB_C1_011,Cohort 1,Power BI,Ivan King,,,,False,False,False
7,2025-11-17,PB_C1_012,Cohort 1,Power BI,Karen Campbell,64.0,54.8,59.4,True,True,True
7,2025-11-17,PB_C1_013,Cohort 1,Power BI,Dorothy Green,68.1,56.7,62.4,True,True,True
7,2025-11-17,PB_C1_014,Cohort 1,Power BI,Robert Young,100.0,85.2,92.6,True,True,True
7,2025-11-17,PB_C1_015,Cohort 1,Power BI,Jonathan Adeyemi,80.3,79.1,79.7,True,True,True
7,2025-11-17,PB_C1_016,Cohort 1,Power BI,Barbara Ahmed,81.9,87.9,84.9,True,True,True
7,2025-11-17,PB_C1_017,Cohort 1,Power BI,Jacob Carter,,71.2,71.2,False,True,True
7,2025-11-17,PB_C1_018,Cohort 1,Power BI,Jonathan Williams,67.9,68.5,68.2,True,True,True
7,2025-11-17,PB_C1_019,Cohort 1,Power BI,Cynthia Yoon,75.6,46.8,61.2,True,True,True
7,2025-11-17,PB_C1_020,Cohort 1,Power BI,Emily Baker,,,,False,False,False
7,2025-11-17,PB_C1_021,Cohort 1,Power BI,Yuki Rao,65.4,44.6,55.0,True,True,True
7,2025-11-17,PB_C1_022,Cohort 1,Power BI,Kwame Phillips,92.3,86.2,89.25,True,True,True
7,2025-11-17,PB_C1_023,Cohort 1,Power BI,Priya Carter,66.8,64.8,65.8,True,True,True
7,2025-11-17,PB_C1_024,Cohort 1,Power BI,Dorothy Brown,84.8,95.7,90.25,True,True,True
7,2025-11-17,PB_C1_025,Cohort 1,Power BI,Chidi Martin,,,,False,False,False
8,2025-11-24,PB_C1_001,Cohort 1,Power BI,Kwame Okeke,50.7,57.5,54.1,True,True,True
8,2025-11-24,PB_C1_002,Cohort 1,Power BI,Ananya Verma,,,,False,False,False
8,2025-11-24,PB_C1_003,Cohort 1,Power BI,Raj Brown,61.5,45.9,53.7,True,True,True
8,2025-11-24,PB_C1_004,Cohort 1,Power BI,Nancy Flores,,,,False,False,False
8,2025-11-24,PB_C1_005,Cohort 1,Power BI,Stephanie Davis,65.7,80.4,73.05,True,True,True
8,2025-11-24,PB_C1_006,Cohort 1,Power BI,Susan Nelson,79.4,81.5,80.45,True,True,True
8,2025-11-24,PB_C1_007,Cohort 1,Power BI,Jonathan Flores,82.8,94.4,88.6,True,True,True
8,2025-11-24,PB_C1_008,Cohort 1,Power BI,Anthony Hill,83.0,93.0,88.0,True,True,True
8,2025-11-24,PB_C1_009,Cohort 1,Power BI,Robert Stewart,86.2,93.3,89.75,True,True,True
8,2025-11-24,PB_C1_010,Cohort 1,Power BI,Diego Liu,82.5,82.2,82.35,True,True,True
8,2025-11-24,PB_C1_011,Cohort 1,Power BI,Ivan King,,,,False,False,False
8,2025-11-24,PB_C1_012,Cohort 1,Power BI,Karen Campbell,,,,False,False,False
8,2025-11-24,PB_C1_013,Cohort 1,Power BI,Dorothy Green,60.0,47.1,53.55,True,True,True
8,2025-11-24,PB_C1_014,Cohort 1,Power BI,Robert Young,88.7,91.2,89.95,True,True,True
8,2025-11-24,PB_C1_015,Cohort 1,Power BI,Jonathan Adeyemi,79.6,67.3,73.45,True,True,True
8,2025-11-24,PB_C1_016,Cohort 1,Power BI,Barbara Ahmed,86.0,76.9,81.45,True,True,True
8,2025-11-24,PB_C1_017,Cohort 1,Power BI,Jacob Carter,47.1,51.8,49.45,True,True,True
8,2025-11-24,PB_C1_018,Cohort 1,Power BI,Jonathan Williams,,,,False,False,False
8,2025-11-24,PB_C1_019,Cohort 1,Power BI,Cynthia Yoon,72.8,67.3,70.05,True,True,True
8,2025-11-24,PB_C1_020,Cohort 1,Power BI,Emily Baker,,,,False,False,False
8,2025-11-24,PB_C1_021,Cohort 1,Power BI,Yuki Rao,,67.6,67.6,False,True,True
8,2025-11-24,PB_C1_022,Cohort 1,Power BI,Kwame Phillips,98.4,86.6,92.5,True,True,True
8,2025-11-24,PB_C1_023,Cohort 1,Power BI,Priya Carter,56.4,60.2,58.3,True,True,True
8,2025-11-24,PB_C1_024,Cohort 1,Power BI,Dorothy Brown,84.0,74.6,79.3,True,True,True
8,2025-11-24,PB_C1_025,Cohort 1,Power BI,Chidi Martin,,,,False,False,False
9,2025-12-01,PB_C1_001,Cohort 1,Power BI,Kwame Okeke,,,,False,False,False
9,2025-12-01,PB_C1_002,Cohort 1,Power BI,Ananya Verma,47.2,,47.2,True,False,True
9,2025-12-01,PB_C1_003,Cohort 1,Power BI,Raj Brown,56.0,,56.0,True,False,True
9,2025-12-01,PB_C1_004,Cohort 1,Power BI,Nancy Flores,,,,False,False,False
9,2025-12-01,PB_C1_005,Cohort 1,Power BI,Stephanie Davis,77.1,55.6,66.35,True,True,True
9,2025-12-01,PB_C1_006,Cohort 1,Power BI,Susan Nelson,63.2,92.7,77.95,True,True,True
9,2025-12-01,PB_C1_007,Cohort 1,Power BI,Jonathan Flores,94.4,83.2,88.8,True,True,True
9,2025-12-01,PB_C1_008,Cohort 1,Power BI,Anthony Hill,83.2,90.0,86.6,True,True,True
9,2025-12-01,PB_C1_009,Cohort 1,Power BI,Robert Stewart,83.7,85.4,84.55,True,True,True
9,2025-12-01,PB_C1_010,Cohort 1,Power BI,Diego Liu,78.2,86.4,82.3,True,True,True
9,2025-12-01,PB_C1_011,Cohort 1,Power BI,Ivan King,,,,False,False,False
9,2025-12-01,PB_C1_012,Cohort 1,Power BI,Karen Campbell,,63.3,63.3,False,True,True
9,2025-12-01,PB_C1_013,Cohort 1,Power BI,Dorothy Green,57.1,75.3,66.2,True,True,True
9,2025-12-01,PB_C1_014,Cohort 1,Power BI,Robert Young,94.4,88.4,91.4,True,True,True
9,2025-12-01,PB_C1_015,Cohort 1,Power BI,Jonathan Adeyemi,68.5,81.5,75.0,True,True,True
9,2025-12-01,PB_C1_016,Cohort 1,Power BI,Barbara Ahmed,82.4,85.2,83.8,True,True,True
9,2025-12-01,PB_C1_017,Cohort 1,Power BI,Jacob Carter,,,,False,False,False
9,2025-12-01,PB_C1_018,Cohort 1,Power BI,Jonathan Williams,66.9,64.4,65.65,True,True,True
9,2025-12-01,PB_C1_019,Cohort 1,Power BI,Cynthia Yoon,87.7,90.2,88.95,True,True,True
9,2025-12-01,PB_C1_020,Cohort 1,Power BI,Emily Baker,,,,False,False,False
9,2025-12-01,PB_C1_021,Cohort 1,Power BI,Yuki Rao,,47.2,47.2,False,True,True
9,2025-12-01,PB_C1_022,Cohort 1,Power BI,Kwame Phillips,100.0,82.2,91.1,True,True,True
9,2025-12-01,PB_C1_023,Cohort 1,Power BI,Priya Carter,54.7,59.0,56.85,True,True,True
9,2025-12-01,PB_C1_024,Cohort 1,Power BI,Dorothy Brown,92.4,93.0,92.7,True,True,True
9,2025-12-01,PB_C1_025,Cohort 1,Power BI,Chidi Martin,,,,False,False,False
10,2025-12-08,PB_C1_001,Cohort 1,Power BI,Kwame Okeke,45.9,47.3,46.6,True,True,True
10,2025-12-08,PB_C1_002,Cohort 1,Power BI,Ananya Verma,,,,False,False,False
10,2025-12-08,PB_C1_003,Cohort 1,Power BI,Raj Brown,,,,False,False,False
10,2025-12-08,PB_C1_004,Cohort 1,Power BI,Nancy Flores,,,,False,False,False
10,2025-12-08,PB_C1_005,Cohort 1,Power BI,Stephanie Davis,71.2,50.9,61.05,True,True,True
10,2025-12-08,PB_C1_006,Cohort 1,Power BI,Susan Nelson,,,,False,False,False
10,2025-12-08,PB_C1_007,Cohort 1,Power BI,Jonathan Flores,97.5,79.6,88.55,True,True,True
10,2025-12-08,PB_C1_008,Cohort 1,Power BI,Anthony Hill,92.9,71.2,82.05,True,True,True
10,2025-12-08,PB_C1_009,Cohort 1,Power BI,Robert Stewart,83.5,89.2,86.35,True,True,True
10,2025-12-08,PB_C1_010,Cohort 1,Power BI,Diego Liu,81.0,88.0,84.5,True,True,True
10,2025-12-08,PB_C1_011,Cohort 1,Power BI,Ivan King,,,,False,False,False
10,2025-12-08,PB_C1_012,Cohort 1,Power BI,Karen Campbell,67.7,71.8,69.75,True,True,True
10,2025-12-08,PB_C1_013,Cohort 1,Power BI,Dorothy Green,81.5,78.9,80.2,True,True,True
10,2025-12-08,PB_C1_014,Cohort 1,Power BI,Robert Young,91.3,89.5,90.4,True,True,True
10,2025-12-08,PB_C1_015,Cohort 1,Power BI,Jonathan Adeyemi,82.2,78.2,80.2,True,True,True
10,2025-12-08,PB_C1_016,Cohort 1,Power BI,Barbara Ahmed,76.7,,76.7,True,False,True
10,2025-12-08,PB_C1_017,Cohort 1,Power BI,Jacob Carter,,,,False,False,False
10,2025-12-08,PB_C1_018,Cohort 1,Power BI,Jonathan Williams,57.6,76.8,67.2,True,True,True
10,2025-12-08,PB_C1_019,Cohort 1,Power BI,Cynthia Yoon,71.0,75.6,73.3,True,True,True
10,2025-12-08,PB_C1_020,Cohort 1,Power BI,Emily Baker,,,,False,False,False
10,2025-12-08,PB_C1_021,Cohort 1,Power BI,Yuki Rao,62.4,58.5,60.45,True,True,True
10,2025-12-08,PB_C1_022,Cohort 1,Power BI,Kwame Phillips,91.5,93.1,92.3,True,True,True
10,2025-12-08,PB_C1_023,Cohort 1,Power BI,Priya Carter,64.7,58.6,61.65,True,True,True
10,2025-12-08,PB_C1_024,Cohort 1,Power BI,Dorothy Brown,,88.7,88.7,False,True,True
10,2025-12-08,PB_C1_025,Cohort 1,Power BI,Chidi Martin,,,,False,False,False
1,2026-01-05,PB_C2_001,Cohort 2,Power BI,Barbara Martinez,90.5,88.9,89.7,True,True,True
1,2026-01-05,PB_C2_002,Cohort 2,Power BI,Jonathan Edwards,58.6,81.5,70.05,True,True,True
1,2026-01-05,PB_C2_003,Cohort 2,Power BI,Lisa Nguyen,88.4,68.9,78.65,True,True,True
1,2026-01-05,PB_C2_004,Cohort 2,Power BI,Daniel Mitchell,93.2,88.1,90.65,True,True,True
1,2026-01-05,PB_C2_005,Cohort 2,Power BI,Steven Jones,90.5,75.1,82.8,True,True,True
1,2026-01-05,PB_C2_006,Cohort 2,Power BI,Edward Choi,72.5,72.3,72.4,True,True,True
1,2026-01-05,PB_C2_007,Cohort 2,Power BI,Donald Wilson,81.9,76.2,79.05,True,True,True
1,2026-01-05,PB_C2_008,Cohort 2,Power BI,Lucas Scott,94.8,93.5,94.15,True,True,True
1,2026-01-05,PB_C2_009,Cohort 2,Power BI,Lucas Flores,,,,False,False,False
1,2026-01-05,PB_C2_010,Cohort 2,Power BI,Emeka Rogers,54.5,60.3,57.4,True,True,True
1,2026-01-05,PB_C2_011,Cohort 2,Power BI,Yuki Chen,,,,False,False,False
1,2026-01-05,PB_C2_012,Cohort 2,Power BI,Jacob Liu,80.9,85.0,82.95,True,True,True
1,2026-01-05,PB_C2_013,Cohort 2,Power BI,Brian Harris,82.3,77.5,79.9,True,True,True
1,2026-01-05,PB_C2_014,Cohort 2,Power BI,Valentina Young,93.8,93.1,93.45,True,True,True
1,2026-01-05,PB_C2_015,Cohort 2,Power BI,Nancy Rivera,,47.9,47.9,False,True,True
1,2026-01-05,PB_C2_016,Cohort 2,Power BI,Diego Smith,,65.4,65.4,False,True,True
1,2026-01-05,PB_C2_017,Cohort 2,Power BI,Dorothy Wright,88.7,78.8,83.75,True,True,True
1,2026-01-05,PB_C2_018,Cohort 2,Power BI,Lisa Hill,88.8,,88.8,True,False,True
1,2026-01-05,PB_C2_019,Cohort 2,Power BI,Cynthia Wright,53.0,49.2,51.1,True,True,True
1,2026-01-05,PB_C2_020,Cohort 2,Power BI,Donald Kumar,80.3,75.5,77.9,True,True,True
1,2026-01-05,PB_C2_021,Cohort 2,Power BI,Vijay Clark,,87.0,87.0,False,True,True
1,2026-01-05,PB_C2_022,Cohort 2,Power BI,Carol Mehta,88.3,76.4,82.35,True,True,True
2,2026-01-12,PB_C2_001,Cohort 2,Power BI,Barbara Martinez,93.4,90.1,91.75,True,True,True
2,2026-01-12,PB_C2_002,Cohort 2,Power BI,Jonathan Edwards,65.8,,65.8,True,False,True
2,2026-01-12,PB_C2_003,Cohort 2,Power BI,Lisa Nguyen,86.7,100.0,93.35,True,True,True
2,2026-01-12,PB_C2_004,Cohort 2,Power BI,Daniel Mitchell,92.9,87.7,90.3,True,True,True
2,2026-01-12,PB_C2_005,Cohort 2,Power BI,Steven Jones,89.8,73.1,81.45,True,True,True
2,2026-01-12,PB_C2_006,Cohort 2,Power BI,Edward Choi,,70.2,70.2,False,True,True
2,2026-01-12,PB_C2_007,Cohort 2,Power BI,Donald Wilson,78.9,90.6,84.75,True,True,True
2,2026-01-12,PB_C2_008,Cohort 2,Power BI,Lucas Scott,78.0,78.6,78.3,True,True,True
2,2026-01-12,PB_C2_009,Cohort 2,Power BI,Lucas Flores,,,,False,False,False
2,2026-01-12,PB_C2_010,Cohort 2,Power BI,Emeka Rogers,,50.3,50.3,False,True,True
2,2026-01-12,PB_C2_011,Cohort 2,Power BI,Yuki Chen,64.4,,64.4,True,False,True
2,2026-01-12,PB_C2_012,Cohort 2,Power BI,Jacob Liu,90.9,83.5,87.2,True,True,True
2,2026-01-12,PB_C2_013,Cohort 2,Power BI,Brian Harris,84.8,86.3,85.55,True,True,True
2,2026-01-12,PB_C2_014,Cohort 2,Power BI,Valentina Young,92.6,91.2,91.9,True,True,True
2,2026-01-12,PB_C2_015,Cohort 2,Power BI,Nancy Rivera,51.2,60.5,55.85,True,True,True
2,2026-01-12,PB_C2_016,Cohort 2,Power BI,Diego Smith,54.1,70.5,62.3,True,True,True
2,2026-01-12,PB_C2_017,Cohort 2,Power BI,Dorothy Wright,86.7,80.3,83.5,True,True,True
2,2026-01-12,PB_C2_018,Cohort 2,Power BI,Lisa Hill,61.5,86.7,74.1,True,True,True
2,2026-01-12,PB_C2_019,Cohort 2,Power BI,Cynthia Wright,67.4,54.9,61.15,True,True,True
2,2026-01-12,PB_C2_020,Cohort 2,Power BI,Donald Kumar,75.1,45.0,60.05,True,True,True
2,2026-01-12,PB_C2_021,Cohort 2,Power BI,Vijay Clark,84.7,81.1,82.9,True,True,True
2,2026-01-12,PB_C2_022,Cohort 2,Power BI,Carol Mehta,78.8,70.8,74.8,True,True,True
3,2026-01-19,PB_C2_001,Cohort 2,Power BI,Barbara Martinez,97.1,89.8,93.45,True,True,True
3,2026-01-19,PB_C2_002,Cohort 2,Power BI,Jonathan Edwards,54.1,74.5,64.3,True,True,True
3,2026-01-19,PB_C2_003,Cohort 2,Power BI,Lisa Nguyen,83.7,85.8,84.75,True,True,True
3,2026-01-19,PB_C2_004,Cohort 2,Power BI,Daniel Mitchell,94.8,98.9,96.85,True,True,True
3,2026-01-19,PB_C2_005,Cohort 2,Power BI,Steven Jones,83.6,76.6,80.1,True,True,True
3,2026-01-19,PB_C2_006,Cohort 2,Power BI,Edward Choi,,71.9,71.9,False,True,True
3,2026-01-19,PB_C2_007,Cohort 2,Power BI,Donald Wilson,80.1,88.7,84.4,True,True,True
3,2026-01-19,PB_C2_008,Cohort 2,Power BI,Lucas Scott,80.9,78.3,79.6,True,True,True
3,2026-01-19,PB_C2_009,Cohort 2,Power BI,Lucas Flores,64.4,57.7,61.05,True,True,True
3,2026-01-19,PB_C2_010,Cohort 2,Power BI,Emeka Rogers,49.5,,49.5,True,False,True
3,2026-01-19,PB_C2_011,Cohort 2,Power BI,Yuki Chen,,78.2,78.2,False,True,True
3,2026-01-19,PB_C2_012,Cohort 2,Power BI,Jacob Liu,79.6,81.9,80.75,True,True,True
3,2026-01-19,PB_C2_013,Cohort 2,Power BI,Brian Harris,92.9,78.6,85.75,True,True,True
3,2026-01-19,PB_C2_014,Cohort 2,Power BI,Valentina Young,93.4,82.5,87.95,True,True,True
3,2026-01-19,PB_C2_015,Cohort 2,Power BI,Nancy Rivera,,59.1,59.1,False,True,True
3,2026-01-19,PB_C2_016,Cohort 2,Power BI,Diego Smith,67.7,86.2,76.95,True,True,True
3,2026-01-19,PB_C2_017,Cohort 2,Power BI,Dorothy Wright,89.4,91.2,90.3,True,True,True
3,2026-01-19,PB_C2_018,Cohort 2,Power BI,Lisa Hill,81.6,81.4,81.5,True,True,True
3,2026-01-19,PB_C2_019,Cohort 2,Power BI,Cynthia Wright,57.9,68.4,63.15,True,True,True
3,2026-01-19,PB_C2_020,Cohort 2,Power BI,Donald Kumar,53.4,48.8,51.1,True,True,True
3,2026-01-19,PB_C2_021,Cohort 2,Power BI,Vijay Clark,86.8,84.5,85.65,True,True,True
3,2026-01-19,PB_C2_022,Cohort 2,Power BI,Carol Mehta,78.2,70.6,74.4,True,True,True
4,2026-01-26,PB_C2_001,Cohort 2,Power BI,Barbara Martinez,100.0,93.5,96.75,True,True,True
4,2026-01-26,PB_C2_002,Cohort 2,Power BI,Jonathan Edwards,70.5,74.0,72.25,True,True,True
4,2026-01-26,PB_C2_003,Cohort 2,Power BI,Lisa Nguyen,91.1,100.0,95.55,True,True,True
4,2026-01-26,PB_C2_004,Cohort 2,Power BI,Daniel Mitchell,90.0,90.7,90.35,True,True,True
4,2026-01-26,PB_C2_005,Cohort 2,Power BI,Steven Jones,91.2,85.3,88.25,True,True,True
4,2026-01-26,PB_C2_006,Cohort 2,Power BI,Edward Choi,91.5,87.4,89.45,True,True,True
4,2026-01-26,PB_C2_007,Cohort 2,Power BI,Donald Wilson,77.3,,77.3,True,False,True
4,2026-01-26,PB_C2_008,Cohort 2,Power BI,Lucas Scott,82.8,65.3,74.05,True,True,True
4,2026-01-26,PB_C2_009,Cohort 2,Power BI,Lucas Flores,56.6,44.3,50.45,True,True,True
4,2026-01-26,PB_C2_010,Cohort 2,Power BI,Emeka Rogers,53.5,29.1,41.3,True,True,True
4,2026-01-26,PB_C2_011,Cohort 2,Power BI,Yuki Chen,72.0,72.3,72.15,True,True,True
4,2026-01-26,PB_C2_012,Cohort 2,Power BI,Jacob Liu,86.0,78.5,82.25,True,True,True
4,2026-01-26,PB_C2_013,Cohort 2,Power BI,Brian Harris,75.7,71.4,73.55,True,True,True
4,2026-01-26,PB_C2_014,Cohort 2,Power BI,Valentina Young,84.8,97.6,91.2,True,True,True
4,2026-01-26,PB_C2_015,Cohort 2,Power BI,Nancy Rivera,64.8,63.1,63.95,True,True,True
4,2026-01-26,PB_C2_016,Cohort 2,Power BI,Diego Smith,74.0,57.7,65.85,True,True,True
4,2026-01-26,PB_C2_017,Cohort 2,Power BI,Dorothy Wright,79.4,71.0,75.2,True,True,True
4,2026-01-26,PB_C2_018,Cohort 2,Power BI,Lisa Hill,100.0,92.5,96.25,True,True,True
4,2026-01-26,PB_C2_019,Cohort 2,Power BI,Cynthia Wright,53.3,69.8,61.55,True,True,True
4,2026-01-26,PB_C2_020,Cohort 2,Power BI,Donald Kumar,54.8,67.8,61.3,True,True,True
4,2026-01-26,PB_C2_021,Cohort 2,Power BI,Vijay Clark,,88.9,88.9,False,True,True
4,2026-01-26,PB_C2_022,Cohort 2,Power BI,Carol Mehta,90.2,95.8,93.0,True,True,True
5,2026-02-02,PB_C2_001,Cohort 2,Power BI,Barbara Martinez,91.3,85.4,88.35,True,True,True
5,2026-02-02,PB_C2_002,Cohort 2,Power BI,Jonathan Edwards,78.1,76.4,77.25,True,True,True
5,2026-02-02,PB_C2_003,Cohort 2,Power BI,Lisa Nguyen,88.5,73.1,80.8,True,True,True
5,2026-02-02,PB_C2_004,Cohort 2,Power BI,Daniel Mitchell,80.1,92.7,86.4,True,True,True
5,2026-02-02,PB_C2_005,Cohort 2,Power BI,Steven Jones,,83.3,83.3,False,True,True
5,2026-02-02,PB_C2_006,Cohort 2,Power BI,Edward Choi,63.1,86.7,74.9,True,True,True
5,2026-02-02,PB_C2_007,Cohort 2,Power BI,Donald Wilson,81.8,61.8,71.8,True,True,True
5,2026-02-02,PB_C2_008,Cohort 2,Power BI,Lucas Scott,81.9,,81.9,True,False,True
5,2026-02-02,PB_C2_009,Cohort 2,Power BI,Lucas Flores,,66.3,66.3,False,True,True
5,2026-02-02,PB_C2_010,Cohort 2,Power BI,Emeka Rogers,,,,False,False,False
5,2026-02-02,PB_C2_011,Cohort 2,Power BI,Yuki Chen,,66.6,66.6,False,True,True
5,2026-02-02,PB_C2_012,Cohort 2,Power BI,Jacob Liu,88.4,77.5,82.95,True,True,True
5,2026-02-02,PB_C2_013,Cohort 2,Power BI,Brian Harris,76.5,97.4,86.95,True,True,True
5,2026-02-02,PB_C2_014,Cohort 2,Power BI,Valentina Young,94.9,95.9,95.4,True,True,True
5,2026-02-02,PB_C2_015,Cohort 2,Power BI,Nancy Rivera,21.8,,21.8,True,False,True
5,2026-02-02,PB_C2_016,Cohort 2,Power BI,Diego Smith,77.7,62.8,70.25,True,True,True
5,2026-02-02,PB_C2_017,Cohort 2,Power BI,Dorothy Wright,85.2,91.7,88.45,True,True,True
5,2026-02-02,PB_C2_018,Cohort 2,Power BI,Lisa Hill,87.3,82.7,85.0,True,True,True
5,2026-02-02,PB_C2_019,Cohort 2,Power BI,Cynthia Wright,,,,False,False,False
5,2026-02-02,PB_C2_020,Cohort 2,Power BI,Donald Kumar,69.5,,69.5,True,False,True
5,2026-02-02,PB_C2_021,Cohort 2,Power BI,Vijay Clark,84.5,86.6,85.55,True,True,True
5,2026-02-02,PB_C2_022,Cohort 2,Power BI,Carol Mehta,69.3,62.6,65.95,True,True,True
6,2026-02-09,PB_C2_001,Cohort 2,Power BI,Barbara Martinez,91.6,88.7,90.15,True,True,True
6,2026-02-09,PB_C2_002,Cohort 2,Power BI,Jonathan Edwards,68.0,76.4,72.2,True,True,True
6,2026-02-09,PB_C2_003,Cohort 2,Power BI,Lisa Nguyen,84.9,91.0,87.95,True,True,True
6,2026-02-09,PB_C2_004,Cohort 2,Power BI,Daniel Mitchell,95.4,93.1,94.25,True,True,True
6,2026-02-09,PB_C2_005,Cohort 2,Power BI,Steven Jones,84.9,81.4,83.15,True,True,True
6,2026-02-09,PB_C2_006,Cohort 2,Power BI,Edward Choi,89.9,60.8,75.35,True,True,True
6,2026-02-09,PB_C2_007,Cohort 2,Power BI,Donald Wilson,75.2,61.7,68.45,True,True,True
6,2026-02-09,PB_C2_008,Cohort 2,Power BI,Lucas Scott,90.8,85.6,88.2,True,True,True
6,2026-02-09,PB_C2_009,Cohort 2,Power BI,Lucas Flores,77.5,,77.5,True,False,True
6,2026-02-09,PB_C2_010,Cohort 2,Power BI,Emeka Rogers,,54.5,54.5,False,True,True
6,2026-02-09,PB_C2_011,Cohort 2,Power BI,Yuki Chen,76.6,76.5,76.55,True,True,True
6,2026-02-09,PB_C2_012,Cohort 2,Power BI,Jacob Liu,84.6,81.8,83.2,True,True,True
6,2026-02-09,PB_C2_013,Cohort 2,Power BI,Brian Harris,84.4,86.8,85.6,True,True,True
6,2026-02-09,PB_C2_014,Cohort 2,Power BI,Valentina Young,93.7,88.3,91.0,True,True,True
6,2026-02-09,PB_C2_015,Cohort 2,Power BI,Nancy Rivera,45.1,,45.1,True,False,True
6,2026-02-09,PB_C2_016,Cohort 2,Power BI,Diego Smith,77.2,81.6,79.4,True,True,True
6,2026-02-09,PB_C2_017,Cohort 2,Power BI,Dorothy Wright,76.8,82.0,79.4,True,True,True
6,2026-02-09,PB_C2_018,Cohort 2,Power BI,Lisa Hill,86.2,79.9,83.05,True,True,True
6,2026-02-09,PB_C2_019,Cohort 2,Power BI,Cynthia Wright,58.6,43.6,51.1,True,True,True
6,2026-02-09,PB_C2_020,Cohort 2,Power BI,Donald Kumar,52.3,,52.3,True,False,True
6,2026-02-09,PB_C2_021,Cohort 2,Power BI,Vijay Clark,91.4,87.8,89.6,True,True,True
6,2026-02-09,PB_C2_022,Cohort 2,Power BI,Carol Mehta,84.2,,84.2,True,False,True
7,2026-02-16,PB_C2_001,Cohort 2,Power BI,Barbara Martinez,100.0,91.6,95.8,True,True,True
7,2026-02-16,PB_C2_002,Cohort 2,Power BI,Jonathan Edwards,70.4,66.6,68.5,True,True,True
7,2026-02-16,PB_C2_003,Cohort 2,Power BI,Lisa Nguyen,90.3,92.8,91.55,True,True,True
7,2026-02-16,PB_C2_004,Cohort 2,Power BI,Daniel Mitchell,93.8,100.0,96.9,True,True,True
7,2026-02-16,PB_C2_005,Cohort 2,Power BI,Steven Jones,86.4,98.9,92.65,True,True,True
7,2026-02-16,PB_C2_006,Cohort 2,Power BI,Edward Choi,68.9,64.8,66.85,True,True,True
7,2026-02-16,PB_C2_007,Cohort 2,Power BI,Donald Wilson,76.6,78.4,77.5,True,True,True
7,2026-02-16,PB_C2_008,Cohort 2,Power BI,Lucas Scott,,74.0,74.0,False,True,True
7,2026-02-16,PB_C2_009,Cohort 2,Power BI,Lucas Flores,67.7,57.3,62.5,True,True,True
7,2026-02-16,PB_C2_010,Cohort 2,Power BI,Emeka Rogers,,68.0,68.0,False,True,True
7,2026-02-16,PB_C2_011,Cohort 2,Power BI,Yuki Chen,,58.0,58.0,False,True,True
7,2026-02-16,PB_C2_012,Cohort 2,Power BI,Jacob Liu,82.6,75.8,79.2,True,True,True
7,2026-02-16,PB_C2_013,Cohort 2,Power BI,Brian Harris,89.8,,89.8,True,False,True
7,2026-02-16,PB_C2_014,Cohort 2,Power BI,Valentina Young,89.7,87.2,88.45,True,True,True
7,2026-02-16,PB_C2_015,Cohort 2,Power BI,Nancy Rivera,,,,False,False,False
7,2026-02-16,PB_C2_016,Cohort 2,Power BI,Diego Smith,66.5,66.2,66.35,True,True,True
7,2026-02-16,PB_C2_017,Cohort 2,Power BI,Dorothy Wright,79.1,84.9,82.0,True,True,True
7,2026-02-16,PB_C2_018,Cohort 2,Power BI,Lisa Hill,,,,False,False,False
7,2026-02-16,PB_C2_019,Cohort 2,Power BI,Cynthia Wright,54.7,64.1,59.4,True,True,True
7,2026-02-16,PB_C2_020,Cohort 2,Power BI,Donald Kumar,73.7,65.8,69.75,True,True,True
7,2026-02-16,PB_C2_021,Cohort 2,Power BI,Vijay Clark,86.1,92.1,89.1,True,True,True
7,2026-02-16,PB_C2_022,Cohort 2,Power BI,Carol Mehta,,70.6,70.6,False,True,True
